language,filename,blank,comment,code,"github.com/AlDanial/cloc v 2.06  T=1.57 s (262.4 files/s 29164.5 lines/s)"
JavaScript,./frontend/electron/run/executionManager.js,160,2,883
TypeScript,./frontend/src/hooks/useWorkspaceActions.ts,94,0,685
Python,./frontend/electron/notebook/python/jupyter_bridge.py,156,0,627
TypeScript,./mobile/src/screens/projects/ProjectScreen.tsx,58,0,625
TypeScript,./frontend/src/components/WorkWindow/notebook/execution/useNotebookExecution.ts,86,0,589
JavaScript,./frontend/electron/notebook/bridge/PythonJupyterBridge.js,94,1,581
TypeScript,./frontend/src/features/cloud/cloudSlice.ts,25,0,569
TypeScript,./frontend/src/components/WorkWindow/notebook/NotebookEditorHost.tsx,68,0,515
TypeScript,./frontend/src/components/TopBar/TopBar.tsx,69,0,514
TypeScript,./frontend/src/types/electron.d.ts,52,0,505
TypeScript,./frontend/src/hooks/useRunActions.ts,65,0,496
JavaScript,./frontend/electron/main.js,120,0,466
TypeScript,./frontend/src/hooks/useLinkedWorkspaceActions.ts,53,0,438
TypeScript,./frontend/src/features/files/filesSlice.ts,52,0,431
TypeScript,./frontend/src/components/TopBar/useTopBarMenus.ts,2,0,371
TypeScript,./mobile/src/screens/file/FileScreen.tsx,45,0,371
TypeScript,./mobile/src/features/files/cloudRealtimeClient.ts,71,0,351
TypeScript,./frontend/src/features/cloud/realtime/cloudRealtimeClient.ts,74,0,349
TypeScript,./frontend/src/components/CodeWithMe/ProjectMembersDialog.tsx,33,0,338
TypeScript,./frontend/src/components/Terminal/TerminalPanel.tsx,44,0,335
TypeScript,./frontend/src/features/sync/syncPlanner.ts,33,0,332
TypeScript,./backend/src/lib/projectInvitations.ts,45,0,329
JavaScript,./frontend/electron/run/configStore.js,62,0,328
TypeScript,./frontend/src/components/SideBar/Cloud/useCloudExplorerState.ts,31,0,328
TypeScript,./backend/src/lib/cloudProjectRead.ts,52,0,322
TypeScript,./frontend/src/components/WorkWindow/WorkWindow.tsx,45,1,319
TypeScript,./frontend/src/features/cloud/cloudThunks.ts,23,0,304
JavaScript,./frontend/electron/terminal/terminalSessionService.js,75,1,303
TypeScript,./frontend/src/components/Run/RunConfigurationDialog.tsx,26,0,301
TypeScript,./frontend/src/features/cloud/cloudApi.ts,43,0,295
TypeScript,./frontend/src/components/SideBar/Cloud/useCloudExplorerInteractionEffects.ts,24,0,293
TypeScript,./frontend/src/components/SideBar/FileTree/useFileTreeControllerCore.ts,36,0,287
TypeScript,./frontend/src/components/SideBar/Cloud/useCloudExplorerDragAndDrop.ts,49,0,286
TypeScript,./frontend/src/components/WorkWindow/notebook/notebookDocument.ts,35,0,278
TypeScript,./frontend/src/components/SideBar/Cloud/useCloudExplorerCreateRename.ts,46,0,271
TypeScript,./frontend/src/components/TopBar/TopBarNotificationsInbox.tsx,26,0,264
TypeScript,./backend/src/lib/validation.ts,50,4,255
TypeScript,./frontend/src/components/WorkWindow/MarkdownEditor.tsx,34,0,242
TypeScript,./frontend/src/features/cloud/realtime/useCloudRealtimeFile.ts,46,0,242
JavaScript,./frontend/electron/notebook/session/NotebookSessionService.js,46,1,234
TypeScript,./backend/src/realtime/cloudFileRealtimeHandler.ts,36,0,229
JavaScript,./frontend/electron/terminal/terminalProfileDiscovery.js,32,0,226
TypeScript,./frontend/src/components/Sync/SyncPreviewDialog.tsx,26,0,226
TypeScript,./mobile/src/features/files/notebookParser.ts,31,1,226
JavaScript,./frontend/electron/run/pythonRuntimeLocator.js,59,0,225
TypeScript,./frontend/src/components/SideBar/FileTree/fileTreeMenuSections.ts,10,0,215
TypeScript,./frontend/src/components/SideBar/FileTree/useFileTreeInteractionHandlers.ts,36,0,214
TypeScript,./frontend/src/components/WorkWindow/notebook/ui/NotebookKernelControls.tsx,17,0,213
TypeScript,./frontend/src/components/WorkWindow/notebook/notebookPersistence.ts,28,0,204
TypeScript,./frontend/src/components/SideBar/Cloud/cloudExplorerContextMenu.ts,10,0,203
TypeScript,./frontend/src/components/SideBar/FileTree/useFileTreeDragAndDrop.ts,37,0,203
TypeScript,./backend/src/lib/cloudProjectMutations.ts,35,0,201
TypeScript,./frontend/src/components/SideBar/FileTree/useFileTreeNodeActions.ts,31,0,200
JavaScript,./frontend/electron/run/cppToolchainLocator.js,42,0,197
TypeScript,./frontend/src/components/Run/RunConsole.tsx,51,0,195
TypeScript,./mobile/src/screens/file/LocalFileScreen.tsx,32,0,193
TypeScript,./mobile/src/features/files/useCloudRealtimeFile.ts,31,0,189
TypeScript,./mobile/src/features/visualSettings/themeContext.tsx,41,0,187
TypeScript,./frontend/src/components/SideBar/FileTree/FileTreeRow.tsx,9,0,184
TypeScript,./frontend/src/components/SideBar/FileTree/FileTree.tsx,11,0,182
TypeScript,./backend/src/lib/projectAccess.ts,35,0,179
TypeScript,./frontend/src/components/WorkWindow/HtmlOutputFrame.tsx,28,0,178
TypeScript,./frontend/src/components/settings/VisualSettingsForm.tsx,19,0,175
TypeScript,./backend/src/lib/projectLinks.ts,17,0,174
JavaScript,./frontend/electron/run/utils.js,51,0,169
TypeScript,./backend/src/lib/projectMembers.ts,19,0,168
TypeScript,./frontend/src/components/WorkWindow/notebook/MarkdownCellView.tsx,16,0,168
TypeScript,./frontend/src/features/sync/syncSnapshots.ts,33,0,167
TypeScript,./frontend/src/hooks/useDesktopActions.ts,24,0,165
TypeScript,./frontend/src/ui/FloatingMenu.tsx,23,0,159
TypeScript,./mobile/src/features/files/notebookDocument.ts,23,0,158
TypeScript,./frontend/src/components/WorkWindow/notebook/CodeCellView.tsx,13,0,157
TypeScript,./mobile/src/components/account/ThemeSettingsCard.tsx,13,0,157
TypeScript,./mobile/src/screens/projects/ProjectsScreen.tsx,21,0,157
TypeScript,./frontend/src/components/Sync/LinkWorkspaceDialog.tsx,14,0,156
TypeScript,./backend/src/controllers/filesController.ts,26,0,154
TypeScript,./frontend/src/features/auth/authSlice.ts,6,0,154
TypeScript,./frontend/src/components/WorkWindow/notebook/CellEditor.tsx,15,0,153
TypeScript,./mobile/src/components/notebook/NotebookEditableCell.tsx,12,0,153
TypeScript,./frontend/src/components/SideBar/FileTree/useFileTreeControllerEffects.ts,18,0,150
TypeScript,./frontend/src/features/sync/syncApply.ts,36,1,150
Kotlin,./mobile/modules/incoming-file-intents/android/src/main/java/expo/modules/incomingfileintents/IncomingFileIntentsModule.kt,26,1,149
TypeScript,./frontend/src/features/run/runUtils.ts,26,0,148
TypeScript,./frontend/src/components/SideBar/Cloud/CloudFolderNode.tsx,8,0,146
TypeScript,./mobile/src/features/session/sessionContext.tsx,30,1,146
TypeScript,./backend/src/controllers/authController.ts,26,0,145
JavaScript,./frontend/electron/terminal/terminalProfileService.js,36,0,143
JavaScript,./frontend/electron/git/gitStatusService.js,36,0,141
TypeScript,./frontend/src/components/WorkWindow/notebook/CellList.tsx,5,0,141
TypeScript,./frontend/src/features/sync/syncSlice.ts,5,0,141
TypeScript,./backend/src/controllers/projectsController.ts,20,0,140
TypeScript,./mobile/src/components/markdown/markdownHtmlDocument.ts,20,0,140
TypeScript,./frontend/src/features/sync/syncPreviewSelection.ts,29,0,139
TypeScript,./frontend/src/layouts/AppShellLayout.tsx,15,0,138
TypeScript,./frontend/src/components/SideBar/Cloud/CloudProjectSection.tsx,10,0,137
TypeScript,./frontend/src/components/SideBar/FileTree/fileTreeSelectors.ts,20,0,137
TypeScript,./frontend/src/components/SideBar/Cloud/cloudExplorerSelection.ts,29,0,136
TypeScript,./mobile/src/components/notebook/NotebookEditor.tsx,14,0,132
TypeScript,./frontend/src/components/Auth/RegisterForm.tsx,22,1,129
TypeScript,./frontend/src/features/workspace/workspaceSlice.ts,9,0,127
TypeScript,./frontend/src/components/TopBar/TopBarMenuPanels.tsx,5,0,126
TypeScript,./frontend/src/features/sync/syncTypes.ts,12,0,126
TypeScript,./frontend/src/components/SideBar/FileTree/useFileTreeDraftActions.ts,21,0,125
TypeScript,./frontend/src/components/Run/RunTargetPicker.tsx,6,0,123
TypeScript,./frontend/src/features/cloud/cloudTypes.ts,20,0,123
TypeScript,./mobile/src/components/projects/ProjectMoveDialog.tsx,10,0,122
TypeScript,./frontend/src/features/run/runTypes.ts,13,0,118
JavaScript,./frontend/electron/preload.js,3,0,117
TypeScript,./frontend/src/features/run/runSlice.ts,6,0,117
TypeScript,./frontend/src/components/TopBar/TopBarAccountControls.tsx,5,0,116
TypeScript,./frontend/src/lib/api/errorNormalization.ts,19,0,115
TypeScript,./frontend/src/styles/monacoTheme.ts,5,0,115
TypeScript,./frontend/src/components/SideBar/FileTree/FileTreeInlineInput.tsx,8,0,113
TypeScript,./frontend/src/components/TopBar/TopBarRunButton.tsx,9,0,113
TypeScript,./mobile/src/features/localFiles/localFileSaveService.ts,21,1,113
TypeScript,./frontend/src/components/SideBar/FileTree/fileTreeUtils.ts,27,0,112
TypeScript,./frontend/src/features/sync/syncGuards.ts,21,0,108
TypeScript,./mobile/src/lib/errors/apiError.ts,14,0,106
TypeScript,./frontend/src/components/TopBar/TopBarMenuBar.tsx,5,0,105
TypeScript,./frontend/src/features/terminal/terminalSlice.ts,15,0,103
TypeScript,./frontend/src/components/SideBar/FileTree/fileTreeGit.ts,23,0,102
TypeScript,./frontend/src/ui/ResizeableBlock.tsx,19,0,102
TypeScript,./mobile/src/components/projects/ProjectActionMenuDialog.tsx,4,0,102
TypeScript,./frontend/src/components/CodeWithMe/ProjectMembersList.tsx,8,0,100
TypeScript,./frontend/src/components/Run/RunPanel.tsx,9,0,100
TypeScript,./frontend/src/features/auth/authThunks.ts,11,0,100
TypeScript,./frontend/src/components/account/ProfileSection.tsx,23,1,99
TypeScript,./mobile/src/components/common/AppModal.tsx,5,0,98
TypeScript,./frontend/src/components/WorkWindow/notebook/NotebookToolbar.tsx,7,0,97
TypeScript,./frontend/src/components/SideBar/FileTree/FileTreeList.tsx,4,0,96
TypeScript,./frontend/src/features/cloud/cloudSelection.ts,18,0,96
TypeScript,./frontend/src/components/SideBar/Linked/LinkedWorkspaceBanner.tsx,9,0,94
TypeScript,./mobile/src/components/notebook/NotebookPlotlyOutput.tsx,13,0,93
TypeScript,./mobile/src/features/files/filesHooks.ts,10,0,92
TypeScript,./frontend/src/components/SideBar/FileTree/useFileTreeClipboard.ts,17,0,88
TypeScript,./frontend/src/components/SideBar/OptionsBar/OptionsBar.tsx,9,0,88
TypeScript,./frontend/src/components/WorkWindow/notebook/UnsupportedCellView.tsx,9,0,87
TypeScript,./frontend/src/components/WorkWindow/notebook/output/NotebookMimeRendererHost.tsx,11,0,87
TypeScript,./frontend/src/components/WorkWindow/markdown/markdownUrlResolver.ts,30,0,86
TypeScript,./frontend/src/components/WorkWindow/notebook/output/PlotlyMimeRenderer.tsx,17,0,85
TypeScript,./mobile/src/components/file/FileDocumentView.tsx,10,0,85
TypeScript,./frontend/src/components/SideBar/FileTree/fileTreeTypes.ts,13,0,84
TypeScript,./mobile/src/screens/auth/RegisterScreen.tsx,12,0,83
TypeScript,./frontend/src/components/Run/RunConsoleBoundary.tsx,16,0,82
TypeScript,./frontend/src/features/notifications/notificationsSlice.ts,8,0,82
TypeScript,./backend/src/controllers/foldersController.ts,15,0,81
TypeScript,./frontend/src/components/Run/RunSessionHeader.tsx,5,0,80
TypeScript,./frontend/src/components/SideBar/Cloud/CloudExplorer.tsx,11,0,80
TypeScript,./mobile/src/components/projects/ProjectTreeList.tsx,4,0,80
TypeScript,./backend/src/lib/auth.ts,20,0,79
TypeScript,./backend/src/lib/notifications.ts,7,0,79
JavaScript,./frontend/electron/notebook/materialization/NotebookExecutionMaterializer.js,19,0,79
TypeScript,./frontend/src/components/Auth/LoginForm.tsx,15,1,78
TypeScript,./frontend/src/components/SideBar/Cloud/CloudFileRow.tsx,5,0,78
TypeScript,./frontend/src/components/settings/VisualSettingsPanel.tsx,6,0,78
TypeScript,./frontend/src/components/BottomPanel/BottomPanel.tsx,7,0,77
TypeScript,./frontend/src/features/cloud/projectCollaborationMessages.ts,12,0,77
TypeScript,./mobile/src/features/visualSettings/themeVariables.ts,5,0,77
TypeScript,./frontend/src/features/visualSettings/visualSettingsSlice.ts,4,0,75
TypeScript,./mobile/src/features/folders/foldersHooks.ts,8,0,75
TypeScript,./frontend/src/features/cloud/cloudSelectors.ts,1,0,74
TypeScript,./frontend/src/components/SideBar/FileTree/fileTreeKeyboard.ts,14,0,73
TypeScript,./backend/src/realtime/protocol.ts,9,0,72
JavaScript,./frontend/electron/linking/linkBindingStore.js,14,0,72
TypeScript,./mobile/src/screens/auth/LoginScreen.tsx,11,0,72
JavaScript,./frontend/electron/notebook/discovery/KernelDiscoveryService.js,11,0,71
TypeScript,./frontend/src/ui/SearchBar.tsx,6,0,71
TypeScript,./mobile/src/features/projects/projectsHooks.ts,9,0,70
JavaScript,./frontend/electron/run/index.js,2,0,69
TypeScript,./mobile/src/hooks/useUnsavedChangesGuard.ts,8,0,69
TypeScript,./mobile/src/navigation/RootNavigator.tsx,4,0,68
TypeScript,./frontend/src/components/WorkWindow/notebook/OutputRenderer.tsx,7,0,67
TypeScript,./frontend/src/features/files/fileTypes.ts,7,0,67
TypeScript,./frontend/src/features/run/runConsoleStore.ts,19,0,67
TypeScript,./frontend/src/features/terminal/terminalConsoleStore.ts,21,0,67
TypeScript,./mobile/src/features/files/filesApi.ts,8,0,67
TypeScript,./mobile/src/features/localFiles/localFileRouting.ts,18,0,67
TypeScript,./frontend/src/components/SideBar/FileTree/useFileTreeController.ts,3,0,66
TypeScript,./frontend/src/components/SideBar/Cloud/cloudExplorerTypes.ts,5,0,65
TypeScript,./frontend/src/features/auth/authApi.ts,10,0,64
TypeScript,./mobile/src/components/markdown/MarkdownEditorPanel.tsx,4,0,64
TypeScript,./mobile/src/components/projects/ProjectItemNameDialog.tsx,7,0,64
TypeScript,./frontend/src/components/WorkWindow/markdown/MarkdownRenderer.tsx,8,0,63
TypeScript,./frontend/src/hooks/useAppCommandExecutor.ts,4,0,63
TypeScript,./mobile/src/components/file/FileInfoCard.tsx,4,0,63
TypeScript,./mobile/src/components/notebook/NotebookHtmlOutput.tsx,6,0,63
TypeScript,./frontend/src/components/TopBar/topBarPanelPosition.ts,7,0,62
TypeScript,./mobile/src/components/common/AutoHeightHtmlWebView.tsx,8,0,62
TypeScript,./frontend/src/components/CodeWithMe/PendingProjectInvitationsList.tsx,7,0,61
TypeScript,./frontend/src/components/WorkWindow/WorkWindowTabs.tsx,3,0,61
JavaScript,./frontend/electron/terminal/terminalPreferencesStore.js,12,0,60
TypeScript,./frontend/src/components/CodeWithMe/ProjectMemberInviteForm.tsx,5,0,60
TypeScript,./mobile/src/features/files/cloudRealtimeSupport.ts,7,0,60
TypeScript,./mobile/src/navigation/AppTabsNavigator.tsx,3,0,60
TypeScript,./mobile/src/types/projects.ts,7,0,60
TypeScript,./backend/src/realtime/fileRoomRegistry.ts,18,0,58
TypeScript,./frontend/src/components/TopBar/TopBarSearchOverlay.tsx,6,0,58
TypeScript,./mobile/src/features/localFiles/localFileLoader.ts,9,0,57
TypeScript,./mobile/src/screens/account/AccountScreen.tsx,4,0,57
TypeScript,./backend/src/app.ts,9,0,56
TypeScript,./mobile/src/features/localFiles/localFileCoordinator.ts,9,0,56
TypeScript,./frontend/src/components/SideBar/FileTree/fileTreeDnd.ts,12,0,55
TypeScript,./frontend/src/features/cloud/realtime/cloudRealtimeSupport.ts,4,0,55
TypeScript,./frontend/src/features/sync/syncPaths.ts,12,0,55
TypeScript,./mobile/src/features/folders/foldersApi.ts,7,0,55
TypeScript,./frontend/src/hooks/useAuth.ts,2,0,54
TypeScript,./mobile/src/features/files/notebookMime.ts,14,0,54
JavaScript,./frontend/electron/commands/appCommands.js,13,0,53
JavaScript,./frontend/electron/notebook/ipc/registerNotebookKernelIpc.js,11,0,53
TypeScript,./frontend/src/App.tsx,7,0,53
TypeScript,./frontend/src/features/visualSettings/visualSettingsStorage.ts,10,0,53
TypeScript,./mobile/src/components/common/AppButton.tsx,5,0,53
TypeScript,./mobile/src/types/notebook.ts,6,0,53
TypeScript,./frontend/src/components/SideBar/Cloud/CloudInlineInput.tsx,5,0,52
TypeScript,./frontend/src/components/SideBar/Cloud/cloudExplorerUtils.ts,11,0,52
TypeScript,./mobile/src/components/common/AppTextField.tsx,3,0,52
TypeScript,./mobile/src/components/markdown/MarkdownPreview.tsx,7,0,52
TypeScript,./frontend/src/features/sync/syncApi.ts,6,0,51
TypeScript,./frontend/src/utils/path.ts,19,0,51
TypeScript,./mobile/src/features/localFiles/LocalFileIntentGateway.tsx,16,0,51
TypeScript,./backend/src/controllers/projectLinksController.ts,7,0,50
TypeScript,./backend/src/realtime/wsServer.ts,10,0,50
JavaScript,./frontend/electron/notebook/bridge/notebookKernelDescriptors.js,15,0,50
TypeScript,./frontend/src/features/sync/syncBindingSelection.ts,12,0,50
TypeScript,./frontend/src/components/BottomPanel/consoleTheme.ts,2,0,49
TypeScript,./frontend/src/components/SideBar/Cloud/CloudExplorerDeleteBar.tsx,4,0,49
TypeScript,./backend/src/controllers/projectInvitationsController.ts,9,0,48
TypeScript,./backend/src/routes/files.ts,4,0,48
TypeScript,./frontend/src/components/WorkWindow/notebook/types.ts,8,0,48
TypeScript,./frontend/src/features/notifications/notificationsThunks.ts,4,0,48
TypeScript,./frontend/src/features/panel/panelSlice.ts,7,0,48
TypeScript,./mobile/src/features/projects/projectTree.ts,9,0,48
TypeScript,./backend/src/middleware/errorHandler.ts,7,0,47
TypeScript,./mobile/src/components/auth/AuthFormLayout.tsx,4,0,47
TypeScript,./backend/src/config.ts,7,0,46
TypeScript,./frontend/src/components/WorkWindow/workWindowEmptyStateContent.ts,7,0,46
TypeScript,./mobile/src/features/localFiles/localFileTypes.ts,5,0,46
TypeScript,./mobile/src/lib/api/apiClient.ts,14,0,46
JavaScript,./frontend/electron/notebook/session/notebookSessionKey.js,11,0,45
TypeScript,./mobile/src/components/account/LocalFilesCard.tsx,8,0,45
TypeScript,./mobile/src/features/files/cloudRealtimeTypes.ts,5,0,45
TypeScript,./mobile/src/features/projects/projectsApi.ts,9,0,45
TypeScript,./backend/src/controllers/projectMembersController.ts,3,0,44
TypeScript,./backend/src/routes/folders.ts,4,0,44
TypeScript,./backend/src/routes/projects.ts,4,0,44
TypeScript,./frontend/src/components/SideBar/Cloud/cloudExplorerKeyboard.ts,7,0,44
TypeScript,./frontend/src/features/notifications/notificationsTypes.ts,5,0,44
TypeScript,./frontend/src/components/WorkWindow/UnsavedFileCloseDialog.tsx,4,0,43
JavaScript,./frontend/electron/terminal/registerTerminalIpc.js,11,0,42
TypeScript,./frontend/src/components/settings/VisualSettingsDialog.tsx,5,0,42
TypeScript,./mobile/src/navigation/ProjectsStackNavigator.tsx,3,0,42
JavaScript,./frontend/tailwind.config.js,0,0,41
JavaScript,./frontend/electron/run/cloudMaterializer.js,9,0,40
TypeScript,./frontend/src/components/WorkWindow/notebook/output/mimePriority.ts,9,0,39
TypeScript,./frontend/src/utils/devLogger.ts,9,0,39
TypeScript,./mobile/src/components/account/ProfileCard.tsx,5,0,39
TypeScript,./mobile/src/components/notebook/NotebookCellList.tsx,4,0,39
TypeScript,./mobile/src/components/notebook/NotebookOutputList.tsx,7,0,39
TypeScript,./backend/src/controllers/settingsController.ts,8,0,38
TypeScript,./frontend/src/features/auth/authTypes.ts,8,0,36
TypeScript,./frontend/src/hooks/useLinkedWorkspaceBootstrap.ts,6,0,36
TypeScript,./mobile/src/app/AppRoot.tsx,6,0,36
TypeScript,./mobile/src/components/notebook/NotebookRichOutputRenderer.tsx,7,0,36
TypeScript,./backend/tests/auth.validation.test.ts,4,0,35
TypeScript,./frontend/src/components/SideBar/Cloud/CloudAuthPrompt.tsx,3,0,35
TypeScript,./frontend/src/components/Sync/LinkedWorkspaceSyncDialogs.tsx,4,0,35
TypeScript,./mobile/src/components/notebook/NotebookCellActionButton.tsx,2,0,35
TypeScript,./frontend/src/components/WorkWindow/NotebookEditor.tsx,2,0,34
TypeScript,./frontend/src/config/api.ts,12,0,34
TypeScript,./frontend/src/pages/AuthPage.tsx,4,0,34
TypeScript,./mobile/src/components/notebook/NotebookView.tsx,5,0,34
TypeScript,./mobile/src/features/session/sessionStorage.ts,8,0,34
TypeScript,./backend/src/middleware/validate.ts,8,0,33
TypeScript,./frontend/src/components/CodeWithMe/ProjectMembersDialogContext.tsx,5,0,33
TypeScript,./frontend/src/features/visualSettings/visualSettingsThunks.ts,3,0,33
TypeScript,./mobile/src/components/common/ScreenContainer.tsx,3,0,33
TypeScript,./mobile/src/components/notebook/NotebookSourceEditor.tsx,3,0,33
TypeScript,./mobile/src/features/auth/authApi.ts,5,0,33
TypeScript,./backend/src/lib/errors.ts,6,0,32
TypeScript,./backend/src/routes/projectLinks.ts,4,0,32
TypeScript,./mobile/src/features/projects/projectMoveTargets.ts,7,0,32
TypeScript,./frontend/src/components/WorkWindow/workWindowLanguage.ts,1,0,31
TypeScript,./frontend/src/lib/api/request.ts,3,0,31
TypeScript,./mobile/src/components/file/TextFileEditor.tsx,3,0,31
TypeScript,./mobile/src/components/projects/ProjectSection.tsx,2,0,31
TypeScript,./mobile/src/features/localFiles/incomingFileIntents.ts,7,0,31
TypeScript,./mobile/src/navigation/navigationTypes.ts,4,0,31
TypeScript,./frontend/src/components/Auth/AuthBootstrap.tsx,5,0,30
TypeScript,./frontend/src/components/Auth/AuthTabs.tsx,2,0,30
TypeScript,./frontend/src/features/notifications/notificationMessages.ts,5,0,30
TypeScript,./frontend/src/ui/InputField.tsx,1,0,30
TypeScript,./mobile/src/app/AppProviders.tsx,2,0,30
TypeScript,./mobile/src/components/account/AuthActionsCard.tsx,4,0,30
TypeScript,./mobile/src/features/localFiles/localFileSession.ts,10,0,30
TypeScript,./mobile/src/features/visualSettings/settingsStorage.ts,8,0,30
TypeScript,./mobile/src/navigation/AuthenticatedNavigator.tsx,3,0,30
TypeScript,./frontend/src/store/store.ts,2,0,29
TypeScript,./mobile/src/components/notebook/NotebookCodeCell.tsx,2,0,29
TypeScript,./mobile/src/features/auth/authValidation.ts,11,0,29
TypeScript,./backend/src/realtime/wsAuth.ts,9,0,28
TypeScript,./backend/src/routes/auth.ts,4,0,28
TypeScript,./backend/src/routes/projectInvitations.ts,4,0,28
TypeScript,./backend/src/server.ts,7,0,28
TypeScript,./mobile/src/components/projects/ProjectMembersCard.tsx,2,0,28
TypeScript,./mobile/src/lib/errors/projectMessages.ts,9,0,28
TypeScript,./mobile/src/lib/utils/file.ts,6,0,28
TypeScript,./mobile/src/components/projects/ProjectCard.tsx,2,0,27
TypeScript,./backend/src/routes/projectMembers.ts,4,0,26
TypeScript,./frontend/src/ui/PrimaryButton.tsx,1,0,25
TypeScript,./mobile/src/components/notebook/NotebookImageOutput.tsx,3,0,25
TypeScript,./mobile/src/components/notebook/NotebookSvgOutput.tsx,4,0,25
TypeScript,./mobile/src/lib/errors/authMessages.ts,8,0,25
TypeScript,./frontend/src/components/WorkWindow/notebook/notebookLanguage.ts,3,0,24
TypeScript,./mobile/src/components/common/InlineNotice.tsx,2,0,24
TypeScript,./mobile/src/features/localFiles/localFilePicker.ts,4,0,24
TypeScript,./frontend/src/components/SideBar/Cloud/useCloudExplorerController.ts,2,0,23
TypeScript,./frontend/src/features/visualSettings/visualSettingsTypes.ts,4,0,23
TypeScript,./mobile/src/components/notebook/NotebookRawFallback.tsx,2,0,23
TypeScript,./backend/src/lib/requestContext.ts,6,0,22
JavaScript,./frontend/eslint.config.js,1,0,22
TypeScript,./mobile/src/components/common/ErrorState.tsx,2,0,22
TypeScript,./mobile/src/components/notebook/NotebookWebViewFrame.tsx,2,0,22
TypeScript,./mobile/src/lib/errors/fileMessages.ts,7,0,22
TypeScript,./backend/src/routes/projectInvitationActions.ts,4,0,21
TypeScript,./frontend/src/components/TopBar/topBarMenuTypes.ts,3,0,21
TypeScript,./frontend/src/features/commands/appCommands.ts,2,0,21
TypeScript,./frontend/src/pages/AccountPage.tsx,4,0,21
TypeScript,./frontend/src/types/plotly.js-dist-min.d.ts,2,0,21
TypeScript,./mobile/src/screens/guest/GuestHomeScreen.tsx,1,0,21
TypeScript,./mobile/src/types/auth.ts,4,0,21
TypeScript,./frontend/src/components/SideBar/SideBar.tsx,2,0,20
TypeScript,./frontend/src/pages/MainPage.tsx,4,0,20
TypeScript,./mobile/src/components/common/Badge.tsx,2,0,20
TypeScript,./mobile/src/components/file/MonospaceBlock.tsx,2,0,20
TypeScript,./mobile/src/components/notebook/NotebookFallbackOutput.tsx,2,0,20
TypeScript,./mobile/src/components/markdown/markdownRenderer.ts,3,0,19
TypeScript,./backend/src/middleware/auth.ts,3,0,18
JavaScript,./frontend/electron/linking/registerLinkingIpc.js,2,0,18
TypeScript,./frontend/src/components/Auth/AuthCard.tsx,3,0,18
TypeScript,./frontend/src/features/sync/syncBindingMerge.ts,4,0,18
TypeScript,./frontend/src/components/WorkWindow/workWindowEmptyState.tsx,0,0,17
TypeScript,./mobile/src/features/localFiles/localFileErrors.ts,3,0,17
TypeScript,./mobile/src/features/visualSettings/settingsApi.ts,3,0,17
TypeScript,./backend/src/routes/me.ts,4,0,16
JavaScript,./frontend/electron/commands/registerWindowCommandRouting.js,4,0,16
TypeScript,./frontend/src/components/Terminal/terminalUiStrings.ts,0,0,16
TypeScript,./mobile/src/lib/utils/cloudName.ts,5,0,16
TypeScript,./backend/eslint.config.ts,1,3,15
TypeScript,./backend/tests/health.test.ts,4,0,15
TypeScript,./backend/tests/http-errors.test.ts,2,0,15
TypeScript,./frontend/src/components/WorkWindow/notebook/execution/types.ts,1,0,15
TypeScript,./frontend/vite.config.ts,1,1,15
TypeScript,./mobile/src/components/notebook/NotebookMarkdownCell.tsx,2,0,15
TypeScript,./mobile/src/features/visualSettings/ThemeRuntimeProvider.tsx,3,0,15
TypeScript,./mobile/src/navigation/AuthNavigator.tsx,2,0,15
TypeScript,./frontend/src/lib/api/httpClient.ts,4,0,14
TypeScript,./frontend/src/main.tsx,1,0,14
TypeScript,./mobile/src/components/common/LoadingState.tsx,3,0,14
TypeScript,./frontend/src/features/auth/authSelectors.ts,1,0,13
TypeScript,./frontend/src/hooks/useGlobalShortcuts.ts,3,0,13
TypeScript,./frontend/src/styles/tokens.ts,5,0,13
TypeScript,./mobile/src/components/common/EmptyState.tsx,2,0,13
TypeScript,./mobile/src/components/common/SectionTitle.tsx,2,0,13
TypeScript,./mobile/src/lib/config/env.ts,5,0,13
TypeScript,./mobile/src/lib/utils/date.ts,2,0,13
TypeScript,./backend/src/lib/prisma.ts,3,0,12
TypeScript,./backend/tests/setup-env.ts,2,0,12
TypeScript,./frontend/src/components/TopBar/TopBarIcon.tsx,2,0,12
TypeScript,./frontend/src/features/run/runSelectors.ts,1,0,12
TypeScript,./mobile/src/types/api.ts,1,0,12
TypeScript,./backend/prisma.config.ts,1,0,11
JavaScript,./frontend/electron/folderWatcher.js,3,0,11
TypeScript,./frontend/src/features/notifications/notificationsSelectors.ts,2,0,11
TypeScript,./frontend/src/features/sync/syncUiText.ts,0,0,11
TypeScript,./mobile/src/types/markdown-it-texmath.d.ts,2,0,11
TypeScript,./frontend/src/components/account/AccountPageHeader.tsx,0,0,10
TypeScript,./frontend/src/components/Auth/RedirectIfAuthenticated.tsx,3,0,9
TypeScript,./frontend/src/components/Auth/RequireAuth.tsx,3,0,9
TypeScript,./frontend/src/components/CodeWithMe/projectMembersDialogShared.ts,2,0,9
TypeScript,./frontend/src/components/CodeWithMe/useProjectMembersDialog.ts,3,0,9
TypeScript,./frontend/src/components/TopBar/topBarStrings.ts,0,0,9
TypeScript,./frontend/src/components/account/SettingsForm.tsx,1,0,9
TypeScript,./mobile/src/navigation/rootNavigation.ts,3,0,9
TypeScript,./backend/src/controllers/notificationsController.ts,1,0,8
TypeScript,./backend/src/types/express.d.ts,1,0,8
TypeScript,./backend/vitest.config.ts,1,0,8
TypeScript,./frontend/src/features/sync/syncHash.ts,2,0,8
TypeScript,./mobile/src/types/markdown-it.d.ts,1,0,8
TypeScript,./backend/src/routes/notifications.ts,4,0,7
TypeScript,./mobile/src/components/file/ReadOnlyBanner.tsx,2,0,7
JavaScript,./frontend/postcss.config.js,0,0,6
TypeScript,./frontend/src/features/visualSettings/visualSettingsSelectors.ts,1,0,6
JavaScript,./mobile/metro.config.js,2,1,6
TypeScript,./mobile/src/hooks/useThemeVariable.ts,1,0,6
TypeScript,./mobile/src/types/files.ts,2,0,6
TypeScript,./mobile/src/types/visualSettings.ts,1,0,6
TypeScript,./frontend/src/components/WorkWindow/notebook/notebookTextOutput.ts,1,1,5
TypeScript,./frontend/src/features/files/filesSelectors.ts,1,0,5
TypeScript,./mobile/App.tsx,1,0,5
TypeScript,./mobile/src/components/common/Card.tsx,1,0,5
TypeScript,./frontend/src/store/hooks.ts,0,0,4
TypeScript,./mobile/index.ts,1,0,4
TypeScript,./frontend/src/components/SideBar/FileTree/fileTreeConstants.ts,0,0,3
TypeScript,./mobile/src/lib/utils/cn.ts,0,0,3
TypeScript,./mobile/src/lib/utils/validation.ts,0,0,3
TypeScript,./backend/src/lib/cloudExplorer.ts,0,0,2
TypeScript,./mobile/src/components/markdown/katexStyles.ts,0,0,2
TypeScript,./mobile/modules/incoming-file-intents/index.ts,0,0,1
TypeScript,./mobile/src/hooks/useSession.ts,0,0,1
TypeScript,./mobile/src/hooks/useTheme.ts,0,0,1
TypeScript,./frontend/src/vite-env.d.ts,0,1,0
TypeScript,./mobile/nativewind-env.d.ts,0,1,0
SUM,,5627,26,40136
